Workbook
Name 【債権】最新データ辞書: #REF!
Name 項目辞書: #REF!

Sheet 表紙
F46: ProActive
B48: 変更履歴
B50: 項番 | C50: 変更発生日 | D50: 変更者 | E50: 変更箇所 | F50: 変更内容
B51: 1 | C51: 45898 | D51: SCSK井上 | F51: 新規作成
B52: 2
B53: 3
B54: 4
B55: 5
B56: 6
B57: 7
B58: 8
B59: 9
B60: 10
B61: 11
B62: 12
B63: 13
... B80: 30

Sheet 業務機能概要
A1: ドキュメント名 | L1: サブシステム | S1: 業務機能名 | AL1: 作成者 | AQ1: =表紙!D51 -> SCSK井上 | AV1: 更新者
A2: 業務機能概要書 | G2: 業務機能概要 | L2: 債務管理サブシステム | S2: 一括支払予定修正 | AL2: 作成日付 | AQ2: =表紙!C51 -> 45898 | AV2: 更新日付
B4: ※本資料では「1取引」という言葉を「部門システムやスクラッチ開発機能にて取引計上された単位」という意味で使用する。
C5: ProActiveC4上では「１取引＝１支払依頼伝票」とする。
B6: 【目的・役割】
C7: ・ | D7: ホクレン様の業務では、支払予定情報を変更する際、複数の取引の支払予定情報をまとめて変更することがある。
D8: ProActiveC4の標準機能では1取引ごとでしか支払予定修正を行うことができない。
D9: そのため一括支払予定修正機能にて複数の取引の支払予定情報をまとめて変更できるようにする。
C11: ・ | D11: 支払予定情報の不正な変更や誤った変更の検知が必要である。
D12: 一括支払予定修正機能にて、「変更済みのみ出力」や「振込先口座を変更した支払予定情報のみ出力」を可能とする。
D13: これにより、不正な変更や誤った変更の検知を可能とする。さらに一括支払予定修正機能自体が、支払予定情報の不正な変更へのけん制となる。
B16: 【利用者】
C17: ・ | D17: 経理課
B20: 【利用頻度】
C21: ・ | D21: 随時
B24: 【対象要件定義書】
C25: ・ | D25: 要件定義書(一括支払予定修正).xls
B28: 【処理概要】
C29: １) | D29: 支払予定修正対象データの抽出
D30: 検索条件を入力し検索を行うことで支払予定情報の抽出を可能とする。
D31: ・ | E31: 一括支払予定修正対象一覧照会画面の【検索条件】に入力された内容に一致する支払予定情報を抽出する。
E32: （「データアクセス要領シート」の「①一括支払予定修正対象一覧照会画面」の「１．検索ボタン押下時」参照）
D34: ・ | E34: 一括支払予定修正対象一覧照会画面の【検索条件】には以下のチェックボックスを配置する。
E35: チェックを入れた場合、以下の条件で支払予定情報を抽出する。
E36: 画面項目 | U36: 抽出条件
E37: ファクタリング確定済の支払予定は振替元支払先を対象とする | U37: 標準機能の動作と同様
E38: 全額決済済みも表示する | U38: 標準機能の動作と同様
E39: 変更済みのみ対象 | U39: チェックを入れた場合、すでに支払予定情報の変更を行った支払予定情報のみを抽出の対象とする。
E40: 振込先口座変更済みのみ出力 | U40: チェックを入れた場合、すでに振込先の口座情報の変更を行った支払予定情報のみを抽出の対象とする。
C55: ２) | D55: 支払予定情報データの一覧取得
D56: 支払予定情報の一覧を取得する。変更後の口座、支払予定日付、支払方法の確認を可能とする。
D57: 取得する項目は「項目概要シート」の「①一括支払予定修正対象一覧照会画面」の【検索結果一覧】を参照。
D60: ・ | E60: 一覧を取得し【検索結果一覧】表示時、全額決済済みの明細がある場合はその明細の選択チェックボックスは非活性とする。（チェックボックスはチェック無）
D63: ・ | E63: 一覧を取得し【検索結果一覧】表示時、各明細行の選択チェックボックスはチェック有とする。
E64: ユーザによるチェック有無の変更を可能とする。
D66: ・ | E66: 一覧取得後、一括支払予定修正対象一覧照会画面の【検索結果一覧】のボタンについて
E67: 抽出された支払予定情報の件数によって、以下の通り制御を行う。
F69: 抽出件数=0件の場合
G70: 「全選択」ボタン、「全解除」ボタン、「支払予定修正」ボタンは使用不可とする。
F72: 抽出件数≧1件で、選択チェックボックスにチェックが入っている明細行が0件の場合
G73: 「全選択」ボタン、「全解除」ボタンは使用可とする。
F75: 抽出件数≧1件で、選択チェックボックスにチェックが入っている明細行が1件以上ある場合
G76: 「全選択」ボタン、「全解除」ボタン、「支払予定修正」ボタンは使用可とする。
D79: ・ | E79: 一覧取得後、【合計金額】の各項目を以下の通り表示する。
E80: 画面項目 | K80: 抽出条件
E81: 支払先 | K81: 【検索条件】.支払先コード 【検索条件】.支払先名
E82: 合計支払予定金額 | K82: 抽出結果のうち支払予定修正となる明細行の残高金額の合計。検索実行時に未支払となっている金額の合計とする。
E84: ・ | F84: 再計算ボタンを合計支払予定金額の隣に配置する。
F85: 選択チェックボックスを変更した後に、再計算ボタンを押下することで合計支払予定金額を再計算する。
E87: ・ | F87: 【検索結果一覧】の抽出件数=0件の場合、「再計算」ボタンは使用不可とする。
C104: ３) | D104: 支払予定修正データの集約
D105: ２）で取得した支払予定修正データを集約する。集約後のデータを一括支払予定修正理由修正画面の【支払予定明細】に表示させる。
D106: 以下のキーで集約する。
E107: 集約キー | P107: 備考
E108: 支払予定日付
E109: 支払先コード
E110: 支払方法コード | P110: FB振込、納付書支払、総合振込依頼書支払、現金支払、一括決済を識別するコード
E111: 手形振出日付 | P111: 一括決済の場合のみ値が入力される項目。
E112: 手形期日 | P112: 一括決済の場合のみ値が入力される項目。
E113: 手形種類 | P113: 一括決済の場合のみ値が入力される項目。
E114: 手形支払サイト | P114: 一括決済の場合のみ値が入力される項目。
E115: 出金金融機関コード
E116: 出金店舗コード
E117: 出金口座コード
E118: 支払決済条件コード
E119: 振込先金融機関コード
E120: 振込先店舗コード
E121: 振込先銀行口座種別区分
E122: 振込先銀行口座番号
E123: 振込先口座名義人名
E124: 振込先口座名義人名カナ
C127: ４) | D127: 支払予定修正データの項目の更新
D128: ３）で集約を行った支払予定情報を一括支払予定修正画面の修正情報に表示し、以下の項目の変更を行う。
D129: 以下の項目を変更可能項目とし、チェックボックスとともに表示する。チェックを入れた項目の変更を可能とする。
D130: 変更可能項目は以下のとおりとする。
E131: 変更可能項目 | M131: 備考
E132: 支払予定日付
E133: 支払方法コード
E134: 振出日付 | M134: 支払方法コードに紐づく、支払方法.支払手段区分が「3:手形支払」の場合のみ変更可能
E135: サイト | M135: 支払方法コードに紐づく、支払方法.支払手段区分が「3:手形支払」の場合のみ変更可能
E136: 手形期日 | M136: 支払方法コードに紐づく、支払方法.支払手段区分が「3:手形支払」の場合のみ変更可能
E137: 手形種類 | M137: 支払方法コードに紐づく、支払方法.支払手段区分が「3:手形支払」の場合のみ変更可能
E138: 出金口座コード | M138: 支払方法コードに紐づく、支払方法.支払手段区分が「1:振込」または、「2:引落」、「3:手形支払」の場合のみ変更可能
E139: 金融機関コード | M139: 支払方法コードに紐づく、支払方法.支払手段区分が「1:振込」場合のみ変更可能
E140: 店舗コード | M140: 支払方法コードに紐づく、支払方法.支払手段区分が「1:振込」場合のみ変更可能
E141: 口座種別 | M141: 支払方法コードに紐づく、支払方法.支払手段区分が「1:振込」場合のみ変更可能
E142: 口座番号 | M142: 支払方法コードに紐づく、支払方法.支払手段区分が「1:振込」場合のみ変更可能
E143: 口座名義人名 | M143: 支払方法コードに紐づく、支払方法.支払手段区分が「1:振込」場合のみ変更可能
E144: 口座名義人名カナ | M144: 支払方法コードに紐づく、支払方法.支払手段区分が「1:振込」場合のみ変更可能
E145: ※ホクレン様は、振替という支払方法があり、「4:現金」を「振替」と名称変更して代用する。
D146: 変更不可の項目は非活性とする。変更可能な項目はチェックボックスにチェックを入れた場合に入力可とする。
B154: 【共通要件】
D155: 共通要件内容 | J155: 対応内容（標準準拠の場合、記載省略）
D156: セキュリティ | J156: メニュー権限有無の制御のみで、部門制限、本人制限の機能性は実装しない。
D157: 承認WF | J157: 対応なし。承認WFの利用は不可とする。
D158: 組織変更 | J158: 対応なし。当機能は仕訳に関係しないため、組織変更を考慮しない。
B161: 【前提・制約事項】
C162: １) | D162: 単一、または複数の支払予定情報の修正を一括で行う。当業務は経理課の担当者が行う。
C164: ２) | D164: ProActiveC4は支払依頼伝票ごとに支払予定情報を持っている。（支払依頼伝票より細かい単位での支払予定修正は不可）
D165: ホクレン様の業務では1取引ごと、または複数の取引をまとめて支払予定情報の修正を行う。
...

Sheet 画面遷移図
A1: ドキュメント名 | L1: サブシステム | S1: 業務機能名 | AJ1: 作成者 | AO1: =表紙!D51 -> SCSK井上 | AT1: 更新者
A2: 業務機能概要書 | G2: 画面遷移図 | L2: =業務機能概要!L2 -> 債務管理サブシステム | S2: =業務機能概要!S2 -> 一括支払予定修正 | AJ2: 作成日付 | AO2: =表紙!C51 -> 45898 | AT2: 更新日付
B4: 【メニュー起動時の画面遷移】

Sheet 画面レイアウト (一括支払予定修正対象一覧照会画面）
A1: ドキュメント名 | AH1: サブシステム | AY1: 業務機能名 | DF1: 作成者 | DV1: =表紙!D51 -> SCSK井上 | EL1: 更新者
A2: 業務機能概要書 | R2: 画面レイアウト | AH2: =業務機能概要!L2 -> 債務管理サブシステム | AY2: =業務機能概要!S2 -> 一括支払予定修正 | DF2: 作成日付 | DV2: =表紙!C51 -> 45898 | EL2: 更新日付
A3: 画面名 | J3: 一括支払予定修正対象一覧照会画面 | HS3: 画面№ | IB3: ①
B4: 0 | H4: 40 | R4: 110 | AB4: 180 | AL4: 250 | AV4: 320 | BF4: 390 | BP4: 460 | BZ4: 530 | CJ4: 600 | CT4: 670 | DD4: 740 | DN4: 810 | DX4: 880 | EH4: 950 | HD4: 999 | HG4: ＜補足説明＞
A5: 0
A6: 5
A7: 20
A8: 35
A9: 50
A10: 65
A11: 80
A12: 95
A13: 110
A14: 125
A15: 140
A16: 155
... A47: 620
HH83: 「支払予定修正」ボタン押下時に
HH84: 一括支払予定修正理由修正画面に
HH85: 遷移する。

Sheet 画面レイアウト (一括支払予定修正理由修正画面）
A1: ドキュメント名 | AH1: サブシステム | AX1: 業務機能名 | DF1: 作成者 | DV1: =表紙!D51 -> SCSK井上 | EL1: 更新者
A2: 業務機能概要書 | R2: 画面レイアウト | AH2: =業務機能概要!L2 -> 債務管理サブシステム | AX2: =業務機能概要!S2 -> 一括支払予定修正 | DF2: 作成日付 | DV2: =表紙!C51 -> 45898 | EL2: 更新日付
A3: 画面名 | J3: 一括支払予定修正理由修正画面 | HS3: 画面№ | IB3: ②
B4: 0 | H4: 40 | R4: 110 | AB4: 180 | AL4: 250 | AV4: 320 | BF4: 390 | BP4: 460 | BZ4: 530 | CJ4: 600 | CT4: 670 | DD4: 740 | DN4: 810 | DX4: 880 | EH4: 950 | HD4: 999 | HG4: ＜補足説明＞
A5: 0
A6: 5
A7: 20
A8: 35
A9: 50
A10: 65
A11: 80
A12: 95
A13: 110
A14: 125
A15: 140
A16: 155
... A33: 410
A34: 425 | HH34: 修正ボタン押下時に
A35: 440 | HH35: 一括支払予定修正画面
A36: 455 | HH36: に遷移する。
A37: 470
A38: 485
A39: 500
A40: 515
A41: 530
A42: 545
A43: 560
A44: 575
A45: 590
A46: 605
A47: 620

Sheet 画面レイアウト (一括支払予定修正画面）
A1: ドキュメント名 | AH1: サブシステム | AX1: 業務機能名 | DF1: 作成者 | DV1: =表紙!D51 -> SCSK井上 | EL1: 更新者
A2: 業務機能概要書 | R2: 画面レイアウト | AH2: =業務機能概要!L2 -> 債務管理サブシステム | AX2: =業務機能概要!S2 -> 一括支払予定修正 | DF2: 作成日付 | DV2: =表紙!C51 -> 45898 | EL2: 更新日付
A3: 画面名 | J3: 一括支払予定修正画面 | HS3: 画面№ | IB3: ③
B4: 0 | H4: 40 | R4: 110 | AB4: 180 | AL4: 250 | AV4: 320 | BF4: 390 | BP4: 460 | BZ4: 530 | CJ4: 600 | CT4: 670 | DD4: 740 | DN4: 810 | DX4: 880 | EH4: 950 | HD4: 999 | HG4: ＜補足説明＞
A5: 0
A6: 5
A7: 20
A8: 35
A9: 50
A10: 65
A11: 80
A12: 95 | HH12: 確定ボタン押下時に
A13: 110 | HH13: 一括支払予定修正理由修正画面に
A14: 125 | HH14: 遷移する。
A15: 140
A16: 155
A17: 170
A18: 185
A19: 200
A20: 215
A21: 230
A22: 245
A23: 260
A24: 275
A25: 290
A26: 305
... A47: 620

Sheet 項目概要
A1: ドキュメント名 | O1: サブシステム | W1: 業務機能名 | AR1: 作成者 | AW1: =表紙!D51 -> SCSK井上 | BB1: 更新者 | BW1: ○ | BX1: IN | BY1: 文字列
A2: 業務機能概要書 | G2: 項目概要 | O2: =業務機能概要!L2 -> 債務管理サブシステム | W2: =業務機能概要!S2 -> 一括支払予定修正 | AR2: 作成日付 | AW2: =表紙!C51 -> 45898 | BB2: 更新日付 | BW2: － | BX2: OUT | BY2: 数値
BX3: IN/OUT | BY3: 半英数
A4: 【画面項目説明】 | BY4: 半カナ
BY5: コード
B6: [①一括支払予定修正対象一覧照会画面] | BY6: 日付
B7: № | C7: ラベル | M7: 項目名 | W7: I/O | Y7: 必須 | AA7: 型 | AC7: 桁数 | AE7: ソート | AG7: 初期表示 | AM7: 備考 | BY7: 時間
B8: 【検索条件】 | BY8: －
B9: 1 | C9: 支払部門 | M9: 支払部門コード | W9: IN | Y9: － | AA9: コード | AC9: 10 | AE9: ー | AG9: ー | AM9: 支払予定情報の検索条件として支払部門コードを指定
M10: 支払部門ズームボタン | W10: IN | Y10: － | AA10: － | AC10: ー | AE10: ー | AG10: ー
M11: 支払部門名 | W11: OUT | Y11: － | AA11: 文字列 | AC11: 40 | AE11: ー | AG11: ー | AM11: 支払部門コードに紐づく、組織体系.部門名
B12: 2 | C12: 債務計上部門 | M12: 債務計上部門コード | W12: IN | Y12: － | AA12: コード | AC12: 10 | AE12: ー | AG12: ー | AM12: 支払予定情報の検索条件として債務計上部門コードを指定
M13: 債務計上部門ズームボタン | W13: IN | Y13: － | AA13: － | AC13: ー | AE13: ー | AG13: ー
M14: 債務計上部門名 | W14: OUT | Y14: － | AA14: 文字列 | AC14: 40 | AE14: ー | AG14: ー | AM14: 債務計上部門コードに紐づく、組織体系.部門名
B15: 3 | C15: プロジェクト | M15: プロジェクトコード | W15: IN | Y15: － | AA15: コード | AC15: 20 | AE15: ー | AG15: ー | AM15: 支払予定情報の検索条件としてプロジェクトコードを指定
M16: プロジェクトコードズームボタン | W16: IN | Y16: － | AA16: － | AC16: ー | AE16: ー | AG16: ー
M17: プロジェクト名 | W17: OUT | Y17: － | AA17: 文字列 | AC17: 30 | AE17: ー | AG17: ー | AM17: プロジェクトコードに紐づく、プロジェクト.プロジェクト名
B18: 4 | C18: 名寄部門 | M18: 名寄部門コード | W18: IN | Y18: － | AA18: コード | AC18: 10 | AE18: ー | AG18: ー | AM18: 支払予定情報の検索条件として名寄部門コードを指定
M19: 名寄部門ズームボタン | W19: IN | Y19: － | AA19: － | AC19: ー | AE19: ー | AG19: ー
M20: 名寄部門名 | W20: OUT | Y20: － | AA20: 文字列 | AC20: 40 | AE20: ー | AG20: ー | AM20: 名寄部門コードに紐づく、組織体系.部門名
B21: 5 | C21: 支払締日付 | M21: 支払締日付FROM | W21: IN | Y21: － | AA21: 日付 | AC21: 8 | AE21: ー | AG21: ー | AM21: 支払予定情報の検索条件として支払締日付（FROM）を指定
M22: 支払締日付TO | W22: IN | Y22: － | AA22: 日付 | AC22: 8 | AE22: ー | AG22: ー | AM22: 支払予定情報の検索条件として支払締日付（TO）を指定
B23: 6 | C23: 支払予定日付 | M23: 支払予定日付FROM | W23: IN | Y23: － | AA23: 日付 | AC23: 8 | AE23: ー | AM23: 支払予定情報の検索条件として支払予定日付（FROM）を指定
M24: 支払予定日付TO | W24: IN | Y24: ○ | AA24: 日付 | AC24: 8 | AE24: ー | AG24: システム日付の2営業日後 | AM24: 支払予定情報の検索条件として支払予定日付（TO）を指定。営業日マスタから、当日の2営業日後を取得し初期値として設定。
B25: 7 | C25: 支払先 | M25: 支払先コード | W25: IN | Y25: － | AA25: コード | AC25: 15 | AE25: ー | AG25: ー | AM25: 支払予定情報の検索条件として支払先コードを指定
M26: 支払先ズームボタン | W26: IN | Y26: － | AA26: － | AC26: ー | AE26: ー | AG26: ー
M27: 支払先名 | W27: OUT | Y27: － | AA27: 文字列 | AC27: 50 | AE27: ー | AG27: ー | AM27: 支払先コードに紐づく、取引先.取引先名１＋取引先名２
B28: 8 | C28: 支払締区分 | M28: 支払締区分 | W28: IN | Y28: ○ | AA28: － | AC28: ー | AE28: ー | AG28: 「１：すべて」 | AM28: 「１：すべて」「２：定時支払のみ」「３：随時支払のみ」
B29: 9 | C29: 支払通知書番号 | M29: 支払通知書番号 | W29: IN | Y29: － | AA29: 文字列 | AC29: 12 | AE29: ー | AG29: ー | AM29: 支払予定情報の検索条件として支払通知書を指定
B30: 10 | C30: 確証番号 | M30: 確証番号 | W30: IN | Y30: － | AA30: 文字列 | AC30: 20 | AE30: ー | AG30: ー | AM30: 支払予定情報の検索条件として確証番号を指定
B31: 11 | C31: 金額判定 | M31: 金額判定FROM | W31: IN | Y31: － | AA31: 数値 | AC31: 13 | AE31: ー | AG31: ー | AM31: 支払予定情報の検索条件として取引金額（FROM）を指定
M32: 金額判定TO | W32: IN | Y32: － | AA32: 数値 | AC32: 13 | AE32: ー | AG32: ー | AM32: 支払予定情報の検索条件として取引金額（TO）を指定
B33: 12 | C33: 支払手段 | M33: 支払手段 | W33: IN | Y33: － | AA33: － | AC33: ー | AE33: ー | AG33: ー | AM33: 支払予定情報の検索条件として支払手段をプルダウンから選択。
B34: 13 | C34: 支払方法 | M34: 支払方法 | W34: IN | Y34: － | AA34: － | AC34: ー | AE34: ー | AG34: ー | AM34: 支払予定情報の検索条件として支払方法をプルダウンから選択。支払手段の選択内容からプルダウンの選択項目は変動。
B35: 14 | C35: 振込先金融機関 | M35: 金融機関コード | W35: IN | Y35: － | AA35: コード | AC35: 4 | AE35: ー | AG35: ー | AM35: 支払予定情報の検索条件として振込先金融機関コードを指定
M36: 金融機関ズームボタン | W36: IN | Y36: － | AA36: － | AC36: ー | AE36: ー | AG36: ー
M37: 金融機関名 | W37: OUT | Y37: － | AA37: 文字列 | AC37: 50 | AE37: ー | AG37: ー | AM37: 金融機関コードに紐づく、金融機関.金融機関名
B38: 15 | C38: 振込先店舗 | M38: 店舗コード | W38: IN | Y38: － | AA38: コード | AC38: 3 | AE38: ー | AG38: ー | AM38: 支払予定情報の検索条件として振込先金融機関の店舗コードを設定
M39: 店舗ズームボタン | W39: IN | Y39: － | AA39: － | AC39: ー | AE39: ー | AG39: ー
M40: 店舗名 | W40: OUT | Y40: － | AA40: 文字列 | AC40: 30 | AE40: ー | AG40: ー | AM40: 店舗コードに紐づく、店舗.店舗名
B41: 16 | C41: 変更日時 | M41: 変更日付FROM | W41: IN | Y41: － | AA41: 日付 | AC41: 8 | AE41: ー | AG41: ー | AM41: 支払予定情報の検索条件として変更日付（FROM）を指定
M42: 変更時間FROM | W42: IN | Y42: － | AA42: 時間 | AC42: 4 | AE42: ー | AG42: ー | AM42: 支払予定情報の検索条件として変更時間（FROM）を指定
M43: 変更日付TO | W43: IN | Y43: － | AA43: 日付 | AC43: 8 | AE43: ー | AG43: ー | AM43: 支払予定情報の検索条件として変更日付（TO）を指定
M44: 変更時間TO | W44: IN | Y44: － | AA44: 時間 | AC44: 4 | AE44: ー | AG44: ー | AM44: 支払予定情報の検索条件として変更時間（TO）を指定
B45: 17 | C45: 変更担当者 | M45: 変更担当者コード | W45: IN | Y45: － | AA45: コード | AC45: 15 | AE45: ー | AG45: ー | AM45: 支払予定情報の検索条件として変更担当者コードを指定
M46: ユーザズームボタン | W46: IN | Y46: － | AA46: － | AC46: ー | AE46: ー | AG46: ー
M47: 変更担当者名 | W47: OUT | Y47: － | AA47: 文字列 | AC47: 20 | AE47: ー | AG47: ー | AM47: 変更担当者コードに紐づく、ユーザ.ユーザ名（姓）＋ユーザ.ユーザ名（名）
B48: 18 | C48: ファクタリング確定済の 支払予定は振替元支払先を 対象とする | M48: ファクタリング確定済の 支払予定は振替元支払先を 対象とする | W48: IN | Y48: － | AA48: － | AC48: ー | AE48: ー | AG48: チェック無し | AM48: チェックONの場合、ファクタリング確定済みの支払予定については振替元の支払先を検索条件とする
B49: 19 | C49: 全額決済済みも表示する | M49: 全額決済済みも表示する | W49: IN | Y49: － | AA49: － | AC49: ー | AE49: ー | AG49: チェック無し | AM49: チェックONの場合、全額決済済みの支払予定情報のみを出力する
B50: 20 | C50: 変更済のみ対象 | M50: 変更済のみ対象 | W50: IN | Y50: － | AA50: － | AC50: ー | AE50: ー | AG50: チェック無し | AM50: チェックをONの場合、変更済みの支払予定情報のみ出力対象とする
B51: 21 | C51: 振込先口座変更済みのみ出力 | M51: 振込先口座変更済みのみ出力 | W51: IN | Y51: － | AA51: － | AC51: ー | AE51: ー | AG51: チェック無し | AM51: チェックONの場合、振込先口座変更済みの支払予定情報のみ出力対象とする
B52: 22 | C52: 検索 | M52: 検索 | W52: IN | Y52: － | AA52: － | AC52: ー | AE52: ー | AG52: ー | AM52: 支払予定情報の検索を行うボタン
B53: 23 | C53: クリア | M53: クリア | W53: IN | Y53: － | AA53: － | AC53: ー | AE53: ー | AG53: ー | AM53: 入力した条件の初期化を行うボタン
B58: 【検索結果一覧】
B59: 1 | C59: 全選択 | M59: 全選択 | W59: IN | Y59: － | AA59: － | AC59: ー | AE59: ー | AG59: 非活性 | AM59: 全明細の「選択」チェックボックスをONにするボタン
B60: 2 | C60: 全解除 | M60: 全解除 | W60: IN | Y60: － | AA60: － | AC60: ー | AE60: ー | AG60: 非活性 | AM60: 全明細の「選択」チェックボックスをOFFにするボタン
B61: 3 | C61: 支払予定修正 | M61: 支払予定修正 | W61: IN | Y61: － | AA61: － | AC61: ー | AE61: ー | AG61: 非活性 | AM61: チェックONの明細の支払予定修正を行うボタン
B62: 4 | C62: 選択 | M62: 選択チェックボックス | W62: IN | Y62: － | AA62: － | AC62: ー | AE62: ー | AG62: ー | AM62: チェックONの行が支払予定の変更対象
B63: 5 | C63: 債務計上部門コード | M63: 債務計上部門コード | W63: OUT | Y63: － | AA63: コード | AC63: 10 | AE63: ー | AG63: ー | AM63: 債務.債務計上部門内部管理番号に紐づく、組織体系.部門表示コード
B64: 6 | C64: 債務計上部門 | M64: 債務計上部門 | W64: OUT | Y64: － | AA64: 文字列 | AC64: 40 | AE64: ー | AG64: ー | AM64: 債務.債務計上部門内部管理番号に紐づく、組織体系.部門名
B65: 7 | C65: プロジェクトコード | M65: プロジェクトコード | W65: OUT | Y65: － | AA65: コード | AC65: 20 | AE65: ー | AG65: ー | AM65: 債務.仕訳プロジェクトコード
B66: 8 | C66: プロジェクト名 | M66: プロジェクト名 | W66: OUT | Y66: － | AA66: 文字列 | AC66: 30 | AE66: ー | AG66: ー | AM66: プロジェクトコードに紐づく、プロジェクト.プロジェクト名
B67: 9 | C67: 支払予定日付 | M67: 支払予定日付 | W67: OUT | Y67: － | AA67: 日付 | AC67: 8 | AE67: ー | AG67: ー | AM67: 支払予定.支払予定日付
B68: 10 | C68: 支払先コード | M68: 支払先コード | W68: OUT | Y68: － | AA68: コード | AC68: 15 | AE68: ー | AG68: ー | AM68: 支払予定.支払先コード
B69: 11 | C69: 支払先 | M69: 支払先 | W69: OUT | Y69: － | AA69: 文字列 | AC69: 50 | AE69: ー | AG69: ー | AM69: 支払先コードに紐づく、取引先.取引先名１＋取引先名２
B70: 12 | C70: 支払金額 | M70: 支払金額 | W70: OUT | Y70: － | AA70: 数値 | AC70: 13 | AE70: ー | AG70: ー | AM70: 支払通知書.支払金額
B71: 13 | C71: 支払済金額 | M71: 支払済金額 | W71: OUT | Y71: － | AA71: 数値 | AC71: 13 | AE71: ー | AG71: ー | AM71: 支払通知書.支払決済金額
B72: 14 | C72: 残高金額 | M72: 残高金額 | W72: OUT | Y72: － | AA72: 数値 | AC72: 13 | AE72: ー | AG72: ー | AM72: 支払通知書.支払金額-支払通知書.支払決済金額
B73: 15 | C73: 支払方法 | M73: 支払方法 | W73: OUT | Y73: － | AA73: 文字列 | AC73: 3 | AE73: ー | AG73: ー | AM73: 支払予定.支払方法コード
B74: 16 | C74: 支払方法名 | M74: 支払方法名 | W74: OUT | Y74: － | AA74: 文字列 | AC74: 20 | AE74: ー | AG74: ー | AM74: 支払方法コードに紐づく、支払方法.支払方法名
... B91: 31 | C91: 支払決済条件名 | M91: 支払決済条件名 | W91: OUT | Y91: － | AA91: 文字列 | AC91: 80 | AE91: ー | AG91: ー | AM91: 支払決済条件コードに紐づく、支払決済条件.支払決済条件名
B92: 32 | C92: 処理状況 | M92: 処理状況 | W92: OUT | Y92: － | AA92: 文字列 | AC92: 1 | AE92: ー | AG92: ー | AM92: 支払通知書.支払通知書状況区分 | AZ92: ※標準の「支払予定修正」と同様、区分値マスタを使用して状況を表示する
B93: 33 | C93: 変更日時 | M93: 変更日時 | W93: OUT | Y93: － | AA93: 数値 | AC93: 17 | AE93: ー | AG93: ー | AM93: 支払予定.更新日時
B94: 34 | C94: 最終変更者ID | M94: 最終変更者ID | W94: OUT | Y94: － | AA94: 文字列 | AC94: 15 | AE94: ー | AG94: ー | AM94: 支払予定.更新者
B95: 35 | C95: 最終変更者 | M95: 最終変更者 | W95: OUT | Y95: － | AA95: 文字列 | AC95: 20 | AE95: ー | AM95: 最終変更者IDに紐づく、ユーザ.ユーザ名（姓）+ユーザ.ユーザ名（名）
B96: 36 | C96: 確証番号 | M96: 確証番号 | W96: OUT | Y96: － | AA96: 文字列 | AC96: 20 | AE96: ー | AG96: ー | AM96: 支払伝票.確証番号
B97: 37 | C97: 支払通知書番号 | M97: 支払通知書番号 | W97: OUT | Y97: － | AA97: 文字列 | AC97: 12 | AE97: ー | AG97: ー | AM97: 支払通知書.支払通知書番号
B98: 38 | C98: 名寄部門コード | M98: 名寄部門コード | W98: OUT | Y98: － | AA98: コード | AC98: 10 | AE98: ー | AG98: ー | AM98: 支払通知書.名寄部門内部管理番号に紐づく、組織体系.部門表示コード
B99: 39 | C99: 名寄部門名 | M99: 名寄部門名 | W99: OUT | Y99: － | AA99: 文字列 | AC99: 40 | AE99: ー | AG99: ー | AM99: 支払通知書.名寄部門内部管理番号に紐づく、組織体系.部門名
B100: 【合計金額】
B101: 1 | C101: 合計支払予定金額 | M101: 合計支払予定金額 | W101: OUT | Y101: － | AA101: 数値 | AC101: 15 | AE101: ー | AG101: 0円 | AM101: 検索結果一覧に表示されている明細行で、チェックが入っている行の残高金額の合計額
B102: 2 | C102: 再計算 | M102: 再計算 | Y102: － | AA102: － | AC102: － | AE102: ー | AG102: ー | AM102: 合計支払予定金額を再計算するボタン。【検索結果一覧】の明細行数が0行の時、このボタンは使用不可とする。
B115: [②一括支払予定修正理由修正画面]
B116: № | C116: ラベル | M116: 項目名 | W116: I/O | Y116: 必須 | AA116: 型 | AC116: 桁数 | AE116: ソート | AG116: 初期表示 | AM116: 備考
B117: 【ヘッダ部】
B118: 1 | C118: 一覧へ | M118: 一覧へ | Y118: － | AA118: － | AC118: ー | AE118: ー | AG118: ー | AM118: 一括支払予定修正対象一覧照会画面に遷移する
B119: 2 | C119: 元に戻す | M119: 元に戻す | Y119: － | AA119: － | AC119: ー | AE119: ー | AG119: ー | AM119: 変更内容を初期化する
B120: 3 | C120: 時間指定実行 | M120: 日付 | W120: IN | Y120: － | AA120: 数値 | AC120: 8 | AE120: ー | AG120: システム日付 | AM120: 時間指定実行を行う日付
M121: 時間 | W121: IN | Y121: － | AA121: 数値 | AC121: 4 | AE121: ー | AG121: 00:00 | AM121: 時間指定実行を行う時間
M122: 時間指定実行 | Y122: － | AA122: － | AC122: ー | AE122: ー | AG122: ー | AM122: 修正内容を反映する。
B123: 【修正情報】
B124: 1 | C124: 変更理由 | M124: 変更理由 | W124: IN | Y124: ○ | AA124: 文字列 | AC124: 80 | AE124: ー | AG124: ー | AM124: 支払予定情報の変更理由を記載
B125: 2 | C125: 支払部門 | M125: 支払部門コード | W125: IN | Y125: ○ | AA125: コード | AC125: 10 | AE125: ー | AG125: 支払部門コード | AM125: 支払予定情報の支払部門コードを変更する
M126: 支払部門ズームボタン | W126: IN | Y126: － | AA126: － | AC126: ー | AE126: ー | AG126: ー
M127: 支払部門名 | W127: OUT | Y127: － | AA127: 文字列 | AC127: 40 | AE127: ー | AG127: ー | AM127: 支払部門コードに紐づく、組織体系.部門名
B128: 【支払予定明細】 | AM128: ※集約単位は、業務機能概要シートの「３）支払予定修正データの集約」を参照
B129: 1 | C129: 修正 | M129: 修正 | Y129: － | AA129: － | AC129: ー | AE129: ー | AG129: ー | AM129: 対象の支払予定情報の修正を行うボタン
B130: 2 | C130: 合計支払予定金額 | M130: 合計支払予定金額 | W130: OUT | Y130: － | AA130: 数値 | AC130: 15 | AE130: ー | AM130: ①一括支払予定修正対象一覧照会画面の【検索結果一覧】の支払金額 ※集約単位ごとの合計額
B131: 3 | C131: 集約件数 | M131: 集約件数 | W131: OUT | Y131: － | AA131: 数値 | AC131: 7 | AE131: ー | AM131: ①一括支払予定修正対象一覧照会画面の【検索結果一覧】の集約されている明細数
B132: 4 | C132: 支払予定日付 | M132: 支払予定日付 | W132: OUT | Y132: － | AA132: 日付 | AC132: 8 | AE132: ー | AG132: ー | AM132: ①一括支払予定修正対象一覧照会画面の【検索結果一覧】の支払予定日付 ※集約単位ごとの支払予定日付
...

Sheet イベント概要
A1: ドキュメント名 | P1: サブシステム | V1: 業務機能名 | AN1: 作成者 | AS1: =表紙!D51 -> SCSK井上 | AX1: 更新者
A2: 業務機能概要書 | G2: イベント概要 | P2: =業務機能概要!L2 -> 債務管理サブシステム | V2: =業務機能概要!S2 -> 一括支払予定修正 | AN2: 作成日付 | AS2: =表紙!C51 -> 45898 | AX2: 更新日付
A4: 【画面イベント処理】
B6: [①一括支払予定修正対象一覧照会画面] | EX6: 注１）初期表示は全ての
B7: № | C7: イベント名 | N7: 処理説明 | EX7: データを処理対象とする
B8: =IF(C8="","",MAX(B$7:B7)+1) -> 1 | C8: 初期処理 | N8: ■ | O8: メニューから起動した場合
B9: =IF(C9="","",MAX(B$7:B8)+1) | O9: １．【検索条件】の初期値設定を行う。（項目概要シート参照）
B10: =IF(C10="","",MAX(B$7:B9)+1) | O10: ２．【検索結果一覧】は0件とする。
B11: =IF(C11="","",MAX(B$7:B10)+1) | O11: ３．【合計金額】の初期値設定を行う。（項目概要シート参照）
B13: =IF(C13="","",MAX(B$7:B11)+1) | N13: ■ | O13: 一括支払予定修正理由修正画面から遷移した場合
B14: =IF(C14="","",MAX(B$7:B12)+1) | O14: １．「検索ボタン」イベントを実行し、再度検索結果を取得する。【検索結果一覧】に設定する。（検索条件は当初の検索条件を適用）
B15: =IF(C15="","",MAX(B$7:B13)+1) | O15: ２．１．の結果から【合計金額】を再度設定する。
B16: =IF(C16="","",MAX(B$7:B15)+1)
B17: =IF(C17="","",MAX(B$7:B16)+1)
B18: =IF(C18="","",MAX(B$7:B17)+1)
B19: =IF(C19="","",MAX(B$7:B18)+1) -> 2 | C19: 支払部門ズームボタン | N19: １．計上部門ズームを起動する。
B20: =IF(C20="","",MAX(B$7:B19)+1) | O20: 計上部門ズーム画面には下記項目を引き渡す。
B21: =IF(C21="","",MAX(B$7:B20)+1) | P21: ・ | Q21: 部門基準日 | X21: ： | Y21: 遷移元画面で入力された支払予定日付FROM
B22: =IF(C22="","",MAX(B$7:B21)+1) | P22: ・ | Q22: 計上部門コード | X22: ： | Y22: 遷移元画面で入力された支払部門コード
B23: =IF(C23="","",MAX(B$7:B22)+1) | P23: ・ | Q23: 計上部門名(カナ) | X23: ： | Y23: 未設定
B24: =IF(C24="","",MAX(B$7:B23)+1) | P24: ・ | Q24: 廃止部門取得 | X24: ： | Y24: チェックなし（廃止部門は取得しない） | AJ24: ※変更不可とする
B25: =IF(C25="","",MAX(B$7:B24)+1) | P25: ・ | Q25: 廃止部門取得日付 | X25: ： | Y25: 未設定
B26: =IF(C26="","",MAX(B$7:B25)+1) | N26: ２．計上部門ズーム画面で選択した値により、遷移元画面の以下の項目を設定する。
B27: =IF(C27="","",MAX(B$7:B26)+1) | P27: ・ | Q27: 支払部門コード
B28: =IF(C28="","",MAX(B$7:B27)+1) | P28: ・ | Q28: 支払部門名
B29: =IF(C29="","",MAX(B$7:B28)+1)
B30: =IF(C30="","",MAX(B$7:B29)+1) -> 3 | C30: 債務計上部門ズームボタン | N30: １．計上部門ズームを起動する。
B31: =IF(C31="","",MAX(B$7:B30)+1) | O31: 計上部門ズーム画面には下記項目を引き渡す。
B32: =IF(C32="","",MAX(B$7:B31)+1) | P32: ・ | Q32: 部門基準日 | X32: ： | Y32: 遷移元画面で入力された支払予定日付FROM
B33: =IF(C33="","",MAX(B$7:B32)+1) | P33: ・ | Q33: 計上部門コード | X33: ： | Y33: 遷移元画面で入力された債務計上部門コード
B34: =IF(C34="","",MAX(B$7:B33)+1) | P34: ・ | Q34: 計上部門名(カナ) | X34: ： | Y34: 未設定
B35: =IF(C35="","",MAX(B$7:B34)+1) | P35: ・ | Q35: 廃止部門取得 | X35: ： | Y35: チェックなし（廃止部門は取得しない） | AJ35: ※変更不可とする
B36: =IF(C36="","",MAX(B$7:B35)+1) | P36: ・ | Q36: 廃止部門取得日付 | X36: ： | Y36: 未設定
B37: =IF(C37="","",MAX(B$7:B36)+1) | N37: ２．計上部門ズーム画面で選択した値により、遷移元画面の以下の項目を設定する。
B38: =IF(C38="","",MAX(B$7:B37)+1) | P38: ・ | Q38: 債務計上部門コード
B39: =IF(C39="","",MAX(B$7:B38)+1) | P39: ・ | Q39: 債務計上部門名
B40: =IF(C40="","",MAX(B$7:B39)+1)
B52: =IF(C52="","",MAX(B$7:B40)+1) -> 4 | C52: プロジェクトコードズームボタン | N52: １．プロジェクトコードズームを起動する。
B53: =IF(C53="","",MAX(B$7:B52)+1) | O53: プロジェクトコードズーム画面には下記項目を引き渡す。
B54: =IF(C54="","",MAX(B$7:B53)+1) | P54: ・ | Q54: プロジェクトコード | X54: ： | Y54: 遷移元画面で入力されたプロジェクトコード
B55: =IF(C55="","",MAX(B$7:B54)+1) | P55: ・ | Q55: プロジェクトグループ | X55: ： | Y55: 未設定
B56: =IF(C56="","",MAX(B$7:B55)+1) | P56: ・ | Q56: プロジェクト名 | X56: ： | Y56: 未設定
P57: ・ | Q57: プロジェクト名（カナ） | X57: ： | Y57: 未設定
P58: ・ | Q58: プロジェクト基準日 | X58: ： | Y58: 未設定
P59: ・ | Q59: プロジェクト利用部門 | X59: ： | Y59: 遷移元画面で入力された債務計上部門コード | AL59: ※変更不可とする
N60: ２．プロジェクトコードズーム画面で選択した値により、遷移元画面の以下の項目を設定する。
P61: ・ | Q61: プロジェクトコード
P62: ・ | Q62: プロジェクト名
B63: =IF(C63="","",MAX(B$7:B56)+1)
B64: =IF(C64="","",MAX(B$7:B63)+1) -> 5 | C64: 名寄部門ズームボタン | N64: １．債務名寄部門ズームを起動する。
B65: =IF(C65="","",MAX(B$7:B64)+1) | O65: 債務名寄部門ズーム画面には下記項目を引き渡す。
B66: =IF(C66="","",MAX(B$7:B65)+1) | P66: ・ | Q66: 部門基準日 | X66: ： | Y66: 遷移元画面で入力された支払予定日付FROM
B67: =IF(C67="","",MAX(B$7:B66)+1) | P67: ・ | Q67: 名寄区分 | X67: ： | Y67: 国内随時を選択
B68: =IF(C68="","",MAX(B$7:B67)+1) | P68: ・ | Q68: 名寄部門適用日付 | X68: ： | Y68: 遷移元画面で入力された支払予定日付FROM
B69: =IF(C69="","",MAX(B$7:B68)+1) | N69: ２．債務名寄部門ズーム画面で選択した値により、遷移元画面の以下の項目を設定する。
B70: =IF(C70="","",MAX(B$7:B69)+1) | P70: ・ | Q70: 名寄部門コード
B71: =IF(C71="","",MAX(B$7:B70)+1) | P71: ・ | Q71: 名寄部門名
B72: =IF(C72="","",MAX(B$7:B71)+1)
B73: =IF(C73="","",MAX(B$7:B72)+1)
B74: =IF(C74="","",MAX(B$7:B73)+1)
B75: =IF(C75="","",MAX(B$7:B74)+1) -> 6 | C75: 支払先ズームボタン | N75: １．支払先ズームを起動する。
B76: =IF(C76="","",MAX(B$7:B75)+1) | O76: 支払先ズーム画面には下記項目を引き渡す。
B77: =IF(C77="","",MAX(B$7:B76)+1) | P77: ・ | Q77: 取引先コード | X77: ： | Y77: 遷移元画面で入力された支払先コード | AJ77: ※変更不可とする
B78: =IF(C78="","",MAX(B$7:B77)+1) | P78: ・ | Q78: 支払先コードFROM | X78: ： | Y78: 遷移元画面で入力された支払先コード
B79: =IF(C79="","",MAX(B$7:B78)+1) | P79: ・ | Q79: 支払先コードTO | X79: ： | Y79: 未設定
B80: =IF(C80="","",MAX(B$7:B79)+1) | P80: ・ | Q80: 支払先名 | X80: ： | Y80: 未設定
B81: =IF(C81="","",MAX(B$7:B80)+1) | P81: ・ | Q81: 支払先名（カナ） | X81: ： | Y81: 未設定
B82: =IF(C82="","",MAX(B$7:B81)+1) | P82: ・ | Q82: TEL | X82: ： | Y82: 未設定
B83: =IF(C83="","",MAX(B$7:B82)+1) | P83: ・ | Q83: 企業コード | X83: ： | Y83: 未設定
B84: =IF(C84="","",MAX(B$7:B83)+1) | N84: ２．支払先ズーム画面で選択した値により、遷移元画面の以下の項目を設定する。
B85: =IF(C85="","",MAX(B$7:B84)+1) | P85: ・ | Q85: 支払先コード
B86: =IF(C86="","",MAX(B$7:B85)+1) | P86: ・ | Q86: 支払先名
B87: =IF(C87="","",MAX(B$7:B86)+1)
B88: =IF(C88="","",MAX(B$7:B87)+1) -> 7 | C88: 金融機関ズームボタン | N88: １．金融機関ズームを起動する。
B89: =IF(C89="","",MAX(B$7:B88)+1) | O89: 金融機関ズーム画面には下記項目を引き渡す。
B90: =IF(C90="","",MAX(B$7:B89)+1) | P90: ・ | Q90: 金融機関コード | X90: ： | Y90: 遷移元画面で入力された金融機関コード | AJ90: ※変更不可とする
B91: =IF(C91="","",MAX(B$7:B90)+1) | P91: ・ | Q91: 金融機関名 | X91: ： | Y91: 未設定
B92: =IF(C92="","",MAX(B$7:B91)+1) | P92: ・ | Q92: 金融機関名カナ | X92: ： | Y92: 未設定
B93: =IF(C93="","",MAX(B$7:B92)+1) | N93: ２．金融機関ズーム画面で選択した値により、遷移元画面の以下の項目を設定する。
B94: =IF(C94="","",MAX(B$7:B93)+1) | P94: ・ | Q94: 金融機関コード
B95: =IF(C95="","",MAX(B$7:B94)+1) | P95: ・ | Q95: 金融機関名
B96: =IF(C96="","",MAX(B$7:B95)+1)
B97: =IF(C97="","",MAX(B$7:B96)+1)
B98: =IF(C98="","",MAX(B$7:B97)+1)
B99: =IF(C99="","",MAX(B$7:B98)+1)
B100: =IF(C100="","",MAX(B$7:B99)+1) -> 8 | C100: 店舗ズームボタン | N100: １．店舗ズームを起動する。
B101: =IF(C101="","",MAX(B$7:B100)+1) | O101: 店舗ズーム画面には下記項目を引き渡す。
B102: =IF(C102="","",MAX(B$7:B101)+1) | P102: ・ | Q102: 金融機関コード | X102: ： | Y102: 遷移元画面で入力された金融機関コード | AJ102: ※変更不可とする
B103: =IF(C103="","",MAX(B$7:B102)+1) | P103: ・ | Q103: 金融機関名 | X103: ： | Y103: 未設定
B104: =IF(C104="","",MAX(B$7:B103)+1) | P104: ・ | Q104: 店舗コード | X104: ： | Y104: 遷移元画面で入力された店舗コード
B105: =IF(C105="","",MAX(B$7:B104)+1) | P105: ・ | Q105: 店舗名 | X105: ： | Y105: 遷移元画面で入力された店舗名
B106: =IF(C106="","",MAX(B$7:B105)+1) | P106: ・ | Q106: 店舗名カナ | X106: ： | Y106: 遷移元画面で入力された店舗名カナ
B107: =IF(C107="","",MAX(B$7:B106)+1) | N107: ２．金融機関ズーム画面で選択した値により、遷移元画面の以下の項目を設定する。
B108: =IF(C108="","",MAX(B$7:B107)+1) | P108: ・ | Q108: 金融機関コード
B109: =IF(C109="","",MAX(B$7:B108)+1) | P109: ・ | Q109: 金融機関名
B110: =IF(C110="","",MAX(B$7:B109)+1) | P110: ・ | Q110: 店舗コード
B111: =IF(C111="","",MAX(B$7:B110)+1) | P111: ・ | Q111: 店舗名
B112: =IF(C112="","",MAX(B$7:B111)+1)
B113: =IF(C113="","",MAX(B$7:B112)+1) -> 9 | C113: ユーザズームボタン | N113: １．ユーザズームを起動する。
B114: =IF(C114="","",MAX(B$7:B113)+1) | O114: ユーザズーム画面には下記項目を引き渡す。
...

Sheet チェック仕様
A1: ドキュメント名 | J1: サブシステム | Q1: 業務機能名 | AH1: 作成者 | AM1: =表紙!D51 -> SCSK井上 | AR1: 更新者
A2: 業務機能概要書 | F2: チェック仕様 | J2: =業務機能概要!L2 -> 債務管理サブシステム | Q2: =業務機能概要!S2 -> 一括支払予定修正 | AH2: 作成日付 | AM2: =表紙!C51 -> 45898 | AR2: 更新日付
A4: 【チェック処理】
B6: ①一括支払予定修正対象一覧照会画面
B7: １．検索ボタン押下時
B8: № | C8: 項目名 | J8: 条件必須 | M8: 存在 | P8: 範囲 | S8: 関連 | V8: その他 | Y8: 内容
B9: =IF(C9="","",MAX(B$8:B8)+1) -> 1 | C9: ー | W9: 〇 | Y9: 取得対象のデータ件数が0件の場合
B10: =IF(C10="","",MAX(B$8:B9)+1) | Z10: エラーメッセージ：「該当データがありません。」（AE15_MTI00000）
B11: =IF(C11="","",MAX(B$8:B10)+1)
B12: =IF(C12="","",MAX(B$8:B11)+1) -> 2 | C12: ー | W12: 〇 | Y12: 取得したデータ件数が制限件数を超えた場合
B13: =IF(C13="","",MAX(B$8:B12)+1) | Z13: エラーメッセージ：「処理対象のデータが件数の制限値{0}を超えたため、処理はキャンセルされました。
B14: =IF(C14="","",MAX(B$8:B13)+1) | AE14: 処理条件を見直して再度実行してください。」（AE91_MTI00000）
B16: ２．支払予定修正ボタン
B17: № | C17: 項目名 | J17: 条件必須 | M17: 存在 | P17: 範囲 | S17: 関連 | V17: その他 | Y17: 内容
B18: =IF(C18="","",MAX(B$17:B17)+1) -> 1 | C18: ー | W18: 〇 | Y18: 選択チェックボックスがONになっている明細について、更新日時が変更されている場合
B19: =IF(C19="","",MAX(B$17:B18)+1) | Z19: エラーメッセージ：「該当するデータは既に更新されています。」（AE16_MTI00002）
B20: =IF(C20="","",MAX(B$17:B19)+1)
B22: ②一括支払予定修正理由修正画面
B23: １．時間指定実行ボタン
B24: № | C24: 項目名 | J24: 条件必須 | M24: 存在 | P24: 範囲 | S24: 関連 | V24: その他 | Y24: 内容
B25: =IF(C25="","",MAX(B$24:B24)+1) -> 1 | C25: 支払部門 | N25: 〇 | Y25: 支払部門が組織体系に未登録または廃止されている場合
B26: =IF(C26="","",MAX(B$17:B25)+1) | Z26: エラーメッセージ：「修正情報.支払部門:支払部門は、組織体系に未登録または廃止されています。」
B27: =IF(C27="","",MAX(B$17:B26)+1) | AE27: （AE00_AAP00036）
B49: ③一括支払予定修正画面
B50: １．確定ボタン
B51: № | C51: 項目名 | J51: 条件必須 | M51: 存在 | P51: 範囲 | S51: 関連 | V51: その他 | Y51: 内容
B52: =IF(C52="","",MAX(B$51:B51)+1) -> 1 | C52: 手形期日 | Q52: 〇 | Y52: 手形期日<振出日付の場合
B53: =IF(C53="","",MAX(B$24:B52)+1) | Z53: エラーメッセージ：「修正情報.手形期日:手形期日は、振出日付よりも過去の日付にすることは出来ません。」 | BE53: AE05_AAP00011
B54: =IF(C54="","",MAX(B$24:B53)+1)
B55: =IF(C55="","",MAX(B$24:B54)+1) -> 2 | C55: 出金口座 | N55: 〇 | Y55: 出金口座が自社口座マスタに未登録または使用不可となっている場合
B56: =IF(C56="","",MAX(B$24:B55)+1) | Z56: エラーメッセージ：「修正情報.出金口座:出金口座は、自社口座マスタに未登録または使用不可となっています。」 | BE56: AE00_AAP00026
B57: =IF(C57="","",MAX(B$24:B56)+1)
B58: =IF(C58="","",MAX(B$24:B57)+1) -> 3 | C58: 金融機関 | N58: 〇 | Y58: 金融機関が金融機関マスタに未登録または使用不可となっている場合
B59: =IF(C59="","",MAX(B$24:B58)+1) | Z59: エラーメッセージ：「修正情報.金融機関:金融機関は、金融機関マスタに未登録または廃止されています。」 | BE59: AE00_AAP00015
B60: =IF(C60="","",MAX(B$24:B59)+1)
B61: =IF(C61="","",MAX(B$24:B60)+1) -> 4 | C61: 店舗 | N61: 〇 | Y61: 店舗が店舗マスタに未登録または使用不可となっている場合
B62: =IF(C62="","",MAX(B$24:B61)+1) | Z62: エラーメッセージ：「修正情報.店舗:店舗は、店舗マスタに未登録または廃止されています。」 | BE62: AE00_AAP00016
B63: =IF(C63="","",MAX(B$24:B62)+1)
B64: =IF(C64="","",MAX(B$24:B63)+1) -> 5 | C64: 振出日付 | K64: 〇 | Y64: 支払方法コードに紐づく、支払方法.支払手段区分が「3:手形支払」であり、かつ、振出日付がブランクの場合
B65: =IF(C65="","",MAX(B$24:B64)+1) | Z65: エラーメッセージ：「修正情報.振出日付:必須項目です。」 | BE65: AE11_MTI00000
B66: =IF(C66="","",MAX(B$24:B65)+1)
B67: =IF(C67="","",MAX(B$24:B66)+1) -> 6 | C67: 手形期日 | K67: 〇 | Y67: 支払方法コードに紐づく、支払方法.支払手段区分が「3:手形支払」であり、かつ、手形期日がブランクの場合
B68: =IF(C68="","",MAX(B$24:B67)+1) | Z68: エラーメッセージ：「修正情報.手形期日:必須項目です。」 | BE68: AE11_MTI00000
B69: =IF(C69="","",MAX(B$24:B68)+1)
B70: =IF(C70="","",MAX(B$24:B69)+1) -> 7 | C70: 手形種類 | K70: 〇 | Y70: 支払方法コードに紐づく、支払方法.支払手段区分が「3:手形支払」であり、かつ、手形種類がブランクの場合
B71: =IF(C71="","",MAX(B$24:B70)+1) | Z71: エラーメッセージ：「修正情報.手形種類:必須項目です。」 | BE71: AE11_MTI00000
B72: =IF(C72="","",MAX(B$24:B71)+1)
B73: =IF(C73="","",MAX(B$24:B72)+1) -> 8 | C73: 出金口座 | K73: 〇 | Y73: 支払方法コードに紐づく、支払方法.支払手段区分が「1:振込」または、「2:引落」、「3:手形支払」であり、
Y74: かつ、出金口座がブランクの場合
B75: =IF(C75="","",MAX(B$24:B73)+1) | Z75: エラーメッセージ：「修正情報.出金口座:必須項目です。」 | BE75: AE11_MTI00000
B76: =IF(C76="","",MAX(B$24:B75)+1)
B77: =IF(C77="","",MAX(B$24:B76)+1) -> 9 | C77: 金融機関 | K77: 〇 | Y77: 支払方法コードに紐づく、支払方法.支払手段区分が「1:振込」または「２:引落」であり、
Y78: かつ、金融機関がブランクの場合
B79: =IF(C79="","",MAX(B$24:B77)+1) | Z79: エラーメッセージ:「修正情報.金融機関:必須項目です。」 | BE79: AE11_MTI00000
B80: =IF(C80="","",MAX(B$24:B79)+1) -> 10 | C80: 店舗 | K80: 〇 | Y80: 支払方法コードに紐づく、支払方法.支払手段区分が「1:振込」または「２:引落」であり、
Y81: かつ、店舗がブランクの場合
B82: =IF(C82="","",MAX(B$24:B80)+1) | Z82: エラーメッセージ:「修正情報.店舗:必須項目です。」 | BE82: AE11_MTI00000
B83: =IF(C83="","",MAX(B$24:B82)+1) -> 11 | C83: 口座番号 | K83: 〇 | Y83: 支払方法コードに紐づく、支払方法.支払手段区分が「1:振込」または「２:引落」であり、
Y84: かつ、口座番号がブランクの場合
B85: =IF(C85="","",MAX(B$24:B83)+1) | Z85: エラーメッセージ:「修正情報.口座番号:必須項目です。」 | BE85: AE11_MTI00000
B86: =IF(C86="","",MAX(B$24:B85)+1)
B87: =IF(C87="","",MAX(B$24:B86)+1) -> 12 | C87: 口座名義人名 | K87: 〇 | Y87: 支払方法コードに紐づく、支払方法.支払手段区分が「1:振込」または「２:引落」であり、
Y88: かつ、口座名義人名がブランクの場合
B89: =IF(C89="","",MAX(B$24:B87)+1) | Z89: エラーメッセージ:「修正情報.口座名義人名:必須項目です。」 | BE89: AE11_MTI00000
B90: =IF(C90="","",MAX(B$24:B89)+1) -> 13 | C90: 口座名義人名カナ | K90: 〇 | Y90: 支払方法コードに紐づく、支払方法.支払手段区分が「1:振込」または「２:引落」であり、
Y91: かつ、口座名義人名カナがブランクの場合
B92: =IF(C92="","",MAX(B$24:B90)+1) | Z92: エラーメッセージ：「修正情報.口座名義人名カナ:必須項目です。」 | BE92: AE11_MTI00000

Sheet ⇒

Sheet データアクセス要領
A1: ドキュメント名 | L1: サブシステム | S1: 業務機能名 | AJ1: 作成者 | AO1: =表紙!D51 -> SCSK井上 | AT1: 更新者
A2: 業務機能概要書 | G2: データアクセス要領 | L2: =業務機能概要!L2 -> 債務管理サブシステム | S2: =業務機能概要!S2 -> 一括支払予定修正 | AJ2: 作成日付 | AO2: =表紙!C51 -> 45898 | AT2: 更新日付
A4: 【編集要領】
B6: ①一括支払予定修正対象一覧照会画面
C7: 変更済みのみ対象 | I7: 振込先口座変更済みのみ出力 | V7: 検索時のSQL
D8: チェック無し | K8: チェック無し | S8: １．２．の結果をUNIONで結合して出力する。
D9: チェックあり | K9: チェック無し | S9: ２．の結果を出力する。
D10: チェック無し | K10: チェックあり | S10: ３．の結果を出力する。
D11: チェックあり | K11: チェックあり | S11: ２．の結果を出力する。
B15: １． | C15: 検索ボタン押下時①（支払予定変更なしデータのみ取得）
D17: ■抽出エンティティ
D18: № | E18: エンティティ名
D19: 1 | E19: 支払予定テーブル
D20: 2 | E20: 支払通知書テーブル
D21: 3 | E21: 債務テーブル
D22: 4 | E22: 支払伝票テーブル
D23: 5 | E23: プロジェクトテーブル
D24: 6 | E24: 取引先テーブル
D25: 7 | E25: 金融機関テーブル
D26: 8 | E26: 店舗テーブル
D27: 9 | E27: 自社口座テーブル
D28: 10 | E28: 組織体系テーブル
D29: 11 | E29: 支払決済条件テーブル
... D31: 13 | E31: 支払手形依頼テーブル
D33: ■抽出項目
D34: № | E34: 項目名
D35: 1 | E35: 支払通知書．支払締日付 | V35: 22 | W35: 組織体系（債務計上部門用）．部門表示コード
D36: 2 | E36: 支払通知書．支払通知書番号 | V36: 23 | W36: 組織体系（債務計上部門用）．部門名（略）
D37: 3 | E37: 債務．仕訳プロジェクトコード | V37: 24 | W37: 支払決済条件．支払決済条件コード
D38: 4 | E38: プロジェクト．プロジェクト名 | V38: 25 | W38: 支払決済条件．支払決済条件名（略）
D39: 5 | E39: 組織体系（支払部門用）．部門表示コード | V39: 26 | W39: 支払通知書．支払金額
D40: 6 | E40: 組織体系（支払部門用）．部門名（略） | V40: 27 | W40: 支払通知書．支払決済金額
D41: 7 | E41: 支払予定．支払先コード | V41: 28 | W41: 支払通知書．支払金額-支払通知書．支払決済金額
D42: 8 | E42: 取引先．取引先名（略） | V42: 29 | W42: 支払通知書．支払通知書状況区分
D43: 9 | E43: 支払予定．支払予定日付 | V43: 30 | W43: 支払予定．更新日時
D44: 10 | E44: 支払予定．支払予定コード | V44: 31 | W44: 支払予定．更新者
D45: 11 | E45: 支払方法．支払方法名 | V45: 32 | W45: ユーザ．ユーザ名（姓）+ユーザ．ユーザ名（名）
D46: 12 | E46: 支払予定．振込金融機関コード | V46: 33 | W46: 支払手形依頼．手形振出日付
... D53: 19 | E53: 店舗（出金口座）．店舗名 | V53: 40 | W53: 支払予定．振込先口座名義人（カナ）
D54: 20 | E54: 支払予定．自社口座コード
D55: 21 | E55: 自社口座．自社口座名
D75: ■抽出条件(JOIN条件)
D76: № | E76: 取得条件 | AX76: 備考
D77: １ | E77: 支払予定 INNER JOIN 支払通知書
D78: 2 | F78: ON 支払予定．支払通知書番号 = 支払通知書．支払通知書番号
D79: 3 | E79: INNER JOIN 債務
D80: 4 | F80: ON 支払予定．支払伝票内部管理番号 = 債務．支払伝票内部管理番号
D81: 5 | E81: INNER JOIN 支払伝票
D82: 6 | F82: ON 支払予定．支払伝票内部管理番号 = 支払伝票．支払伝票内部管理番号
D83: 7 | E83: INNER JOIN 取引先
D84: 8 | F84: ON 支払予定．支払先コード = 取引先．取引先コード
D85: 9 | E85: INNER JOIN 組織体系 （支払部門用）
D86: 10 | F86: ON 支払予定．支払部門内部管理番号 = 組織体系（支払部門用）．部門内部管理番号
D87: 11 | E87: INNER JOIN 組織体系 （債務計上部門用）
D88: 12 | F88: ON 債務．債務計上部門内部管理番号 = 組織体系（債務計上部門用）．部門内部管理番号
D89: 13 | E89: INNER JOIN 組織体系 （名寄部門用）
D90: 14 | F90: ON 支払通知書．名寄部門内部管理番号 = 組織体系（名寄部門用）．部門内部管理番号
D91: 15 | E91: INNER JOIN 支払方法
D92: 16 | F92: ON 支払予定．支払方法コード = 支払方法．支払方法コード
D93: 17 | E93: INNER JOIN ユーザ
D94: 18 | F94: ON 支払予定．更新者 = ユーザ．ユーザID
D95: 19 | E95: LEFT OUTER JOIN プロジェクト
D96: 20 | F96: ON 債務．仕訳プロジェクトコード = プロジェクト．プロジェクトコード
D97: 21 | E97: LEFT OUTER JOIN 金融機関（振込先口座）
D98: 22 | F98: ON 支払予定．振込先金融機関コード = 金融機関（振込先口座）．金融機関コード
D99: 23 | E99: LEFT OUTER JOIN 店舗（振込先）
D100: 24 | F100: ON 支払予定．振込先金融機関コード = 店舗（振込先）．金融機関コード
D101: 25 | F101: AND 支払予定．振込先金融機関店舗コード = 店舗（振込先）．店舗コード
D102: 26 | E102: LEFT OUTER JOIN 自社口座
D103: 27 | F103: ON 支払予定．自社口座コード = 自社口座．自社口座コード
D104: 28 | E104: LEFT OUTER JOIN 金融機関（出金口座）
D105: 29 | F105: ON 自社口座．金融機関コード = 金融機関（出金口座）．金融機関コード
D106: 30 | E106: LEFT OUTER JOIN 店舗（出金口座）
D107: 31 | F107: ON 自社口座．金融機関コード = 店舗（出金口座）．金融機関コード
D108: 32 | F108: AND 自社口座．店舗コード = 店舗（出金口座）．店舗コード
D109: 33 | E109: LEFT OUTER JOIN 支払決済条件
D110: 34 | F110: ON 支払伝票．支払決済条件内部管理番号 = 支払決済条件．支払決済条件内部管理番号
D111: 35 | E111: LEFT OUTER JOIN 支払手形依頼
D112: 36 | F112: ON 支払予定．支払予定内部管理番号 = 支払手形依頼．支払予定内部管理番号
D114: ■抽出条件(WHERE条件)
D115: № | E115: 取得条件 | AX115: 備考
D116: １ | E116: WHERE 支払予定．会社コード = ログイン会社コード
D117: 2 | E117: AND 組織体系（支払部門用）．部門表示コード = 【検索条件】．支払部門コード
D118: 3 | E118: AND 組織体系（債務計上部門用）．部門表示コード = 【検索条件】．債務計上部門コード
D119: 4 | E119: AND プロジェクト．プロジェクトコード = 【検索条件】．プロジェクトコード
D120: 5 | E120: AND 組織体系（名寄部門）．部門表示コード = 【検索条件】．名寄部門コード
D121: 6 | E121: AND 支払通知書．支払締日付 BETWEEN 【検索条件】．支払締日付FROM AND 【検索条件】．支払締日付TO
D122: 7 | E122: AND 支払予定．支払予定日付 BETWEEN 【検索条件】．支払予定日付FROM AND 【検索条件】．支払予定日付TO
D123: 8 | E123: AND 取引先．取引先コード = 【検索条件】．支払先コード
D124: 9 | E124: AND 支払伝票．支払締区分 = 【検索条件】．支払締区分
D125: 10 | E125: AND 支払通知書．支払通知書番号 = 【検索条件】．支払通知書番号
D126: 11 | E126: AND 支払伝票．確証番号 = 【検索条件】．確証番号
D127: 12 | E127: AND 支払予定．支払予定金額 BETWEEN 【検索条件】．金額判定FROM AND 【検索条件】．金額判定TO
... D134: 19 | E134: 【検索条件】．ファクタリング確定済の支払予定は振替元支払先を対象とする がチェックONの場合
D135: 20 | F135: 標準機能の支払予定修正機能と同様とする
D136: 21 | E136: 【検索条件】．全額決済済みも表示する がチェックONの場合
D137: 22 | F137: 標準機能の支払予定修正機能と同様とする
D139: ■ソート条件(ORDER BY条件)
D140: № | E140: 取得条件 | AX140: 備考
D141: １ | E141: 支払予定日
...

Sheet 補足
A1: ドキュメント名 | L1: サブシステム | R1: 業務機能名 | AM1: 作成者 | AR1: =表紙!D51 -> SCSK井上 | AW1: 更新者
A2: 業務機能概要書 | G2: 補足説明 | L2: =業務機能概要!L2 -> 債務管理サブシステム | R2: =業務機能概要!S2 -> 一括支払予定修正 | AM2: 作成日付 | AR2: =表紙!C51 -> 45898 | AW2: 更新日付
B4: ①一括支払予定対象一覧照会画面のCSV出力
B5: 検索結果一覧部のグリッドをCSV形式で出力するイメージ
C7: テキストエディタで開いた場合（横に長いため分けて添付）
C68: Excelで開いた場合（横に長いため分けて添付）
B132: ②一括支払予定修正対象一覧照会画面の検索結果について
E134: 例１（ホクレン様想定） | X134: 一括支払予定修正対象一覧照会画面
F135: 支払通知書（支払案内書）
G136: 支払先A
G137: 9/20支払
G138: 振込
G139: 自社口座X
G140: 振込先口座Y
H141: 支払依頼伝票１（取引） | U141: → | X141: 支払先A、9/20支払、振込、、自社口座X、振込先口座Y、プロジェクト（業種A）、債務計上部門AA、50,000円
I142: 明細１ | L142: プロジェクト（業種A）
L143: 債務計上部門AA
L144: 50,000
E149: 例２（随時支払 複数明細）
F150: 支払通知書（支払案内書）
G151: 支払先A
G152: 9/20支払
G153: 振込
G154: 自社口座X
G155: 振込先口座Y
H156: 支払依頼伝票１（取引） | U156: → | X156: 支払先A、9/20支払、振込、、自社口座X、振込先口座Y、プロジェクト（業種B）、債務計上部門BB、90,000円
I157: 明細１ | L157: プロジェクト（業種B）
L158: 債務計上部門BB
L159: 40,000
I160: 明細２ | L160: プロジェクト（業種C）
L161: 債務計上部門CC
L162: 50,000
E167: 例３ （定時支払）
F169: 支払通知書（支払案内書）
G170: 支払先A
G171: 9/20支払
G172: 振込
G173: 自社口座X
G174: 振込先口座Y
H175: 支払依頼伝票１（取引） | U175: → | X175: 支払先A、9/20支払、振込、、自社口座X、振込先口座Y、プロジェクト（業種D）、債務計上部門DD、70,000円
I176: 明細１ | L176: プロジェクト（業種D）
L177: 債務計上部門DD
L178: 30,000
I179: 明細２ | L179: プロジェクト（業種E）
L180: 債務計上部門EE
L181: 10,000
H183: 支払依頼伝票２（取引）
I184: 明細１ | L184: プロジェクト（業種F）
L185: 債務計上部門FF
L186: 10,000
I187: 明細２ | L187: プロジェクト（業種G）
L188: 債務計上部門GG
L189: 20,000
B196: ③一括支払予定修正画面の項目の入力可否、必須有無について
C198: 一括支払予定修正画面の各項目について、以下のとおり入力可否、必須有無を決定する。
D200: ×：入力不可、値が入力されている場合はクリアする。
D201: 必：入力必須。
D202: 固：固定値に設定する。口座種別のみ。「普通預金」を固定値とする。
Q204: 手形情報 | X204: 出金口座 | AI204: 振込先口座情報
L205: 振出日付 | O205: サイト | R205: 手形期日 | U205: 手形種類 | X205: 出金口座 | AA205: 金融機関 | AD205: 店舗 | AG205: 口座種別 | AJ205: 口座番号 | AM205: 口座名義人名 | AR205: 口座名義人名カナ
D206: 支払手段 | H206: 支払方法
D207: 振込 | G207: FB振込
G208: 総合振込依頼書 | M208: × | P208: × | S208: × | V208: × | Y208: 必 | AB208: 必 | AE208: 必 | AH208: 必 | AK208: 必 | AO208: 必 | AU208: 必
G209: 納付書
D210: 支払手形 | G210: 一括決済
M211: 必 | P211: 必 | S211: 必 | V211: 必 | Y211: 必 | AB211: × | AE211: × | AH211: 固 | AK211: × | AO211: × | AU211: ×
D213: 現金 | G213: 現金
M214: × | P214: × | S214: × | V214: × | Y214: × | AB214: × | AE214: × | AH214: 固 | AK214: × | AO214: × | AU214: ×
D216: 引落 | G216: 振替
D217: ※振替 | M217: × | P217: × | S217: × | V217: × | Y217: 必 | AB217: 必 | AE217: 必 | AH217: 必 | AK217: 必 | AO217: 必 | AU217: 必
F221: ※ホクレン様には振替という支払方法がある。ProActiveC4の「引落」を代用する。
G222: 標準的な「引落」は、振込先口座情報を入力することはできないが、ホクレン様の振替という支払方法は振込先口座情報の入力が必須となる。
